Model,Accuracy,F1,Precision,Recall,CV_Accuracy_Mean,CV_Accuracy_Std
LogisticRegression,1.0,1.0,1.0,1.0,0.9949152542372881,0.004151677530140971
RandomForest,0.9841986455981941,0.9842053040917976,0.9842223109912064,0.9841986455981941,0.9768361581920904,0.004519774011299443
XGBoost,0.9841986455981941,0.9842180893282708,0.9843303740766691,0.9841986455981941,0.9802259887005651,0.007366330401358925
