Model,Silhouette
KMeans,0.3120784356369896
Agglomerative,0.29338685679597204
GaussianMixture,0.25515151655837404
