BestCluster,Age,Income,Has_Children,TotalMnt,TotalPurchases,NumWebVisitsMonth,TotalAcceptedCmp,Days_Customer
0,0.4567985572193683,0.054733260842776,0.8982402448355011,0.07208316634483429,0.24165550879877581,0.32475133894414693,0.040244835501147665,0.49043064033984496
1,0.5223115736360769,0.10657460807992648,0.4492273730684327,0.47954465818704234,0.6104442604856513,0.18145695364238412,0.16114790286975716,0.5285917756997539
