k,Inertia,Silhouette_Score,Calinski_Harabasz_Score
2,20891.75535525958,0.3499582663523367,1128.9062790089113
3,18157.25837142056,0.26365895807707274,815.5803173785127
4,17017.430975374416,0.2547698731720281,629.1956820462017
5,16041.598889163472,0.15434222458300392,533.9551621785708
6,15206.738121367867,0.15059903436756358,474.6448366784774
7,14613.518083878196,0.15277862421268396,426.33231536344675
8,14083.497852200395,0.1462140016620063,390.86311953805097
9,13652.62036647472,0.15636685238118234,361.3342680299165
10,13319.962877164735,0.13311879069998225,335.17073958506785
